Name,Price,Discount,Image
Carriall Adult Unisex 3 Layer Reusable Washable Cotton Mask (camsl087) Pack Of 3,700.00,175.00,https://cdn01.pharmeasy.in/dam/products_otc/J97428/carriall-adult-unisex-3-layer-reusable-washable-cotton-mask-camsl087-pack-of-3-2-1641790596.jpg
Venus  V-44++ Ffp1 Respiratory Mask  Packet Of 50,15000.00,7500.00,https://cdn01.pharmeasy.in/dam/products_otc/N58033/venus-v-44-ffp1-respiratory-mask-packet-of-50-2-1654234224.jpg
Carriall Adult Unisex 3 Layer Reusable Washable Cotton Mask (camsl075) Pack Of 3,700.00,175.00,https://cdn01.pharmeasy.in/dam/products_otc/J36768/carriall-adult-unisex-3-layer-reusable-washable-cotton-mask-camsl075-pack-of-3-2-1641790593.jpg
3m Vertical Tie Face Mask 50 Pieces,460.00,156.40,https://cdn01.pharmeasy.in/dam/products_otc/M83090/3m-vertical-tie-face-mask-50-pieces-2-1671741904.jpg
Livinguard Ultra Mask 4 Layers >98% Filtration Washable & Reusable Cotton Mask Large Bombay Blue,1990.00,497.50,https://cdn01.pharmeasy.in/dam/products_otc/L66722/livinguard-ultra-mask-4-layers-98-filtration-washable-reusable-cotton-mask-large-bombay-blue-2-1641792980.jpg
Bodyguard N95 + Pm2.5 Anti Pollution Face Mask With Valve And Activated Carbon - Medium,249.00,27.39,https://cdn01.pharmeasy.in/dam/products_otc/U43272/bodyguard-n95-pm25-anti-pollution-face-mask-with-valve-and-activated-carbon-medium-2-1641790102.jpg
Livinguard Pro Mask 3 Layers >95% Filtration Washable & Reusable Cotton Face Mask L - Black,1750.00,437.50,https://cdn01.pharmeasy.in/dam/products_otc/J36816/livinguard-pro-mask-3-layers-95-filtration-washable-reusable-cotton-face-mask-l-black-2-1641792974.jpg
Bodyguard N95 + Pm2.5 Anti Pollution Face Mask With Valve And Activated Carbon - Small,249.00,27.39,https://cdn01.pharmeasy.in/dam/products_otc/U49955/bodyguard-n95-pm25-anti-pollution-face-mask-with-valve-and-activated-carbon-small-2-1643377083.jpg
Livinguard Kids Street Mask - Ago Rabbit Print: Blue |anti-microbial | Washable & Reusable - Xs,750.00,187.50,https://cdn01.pharmeasy.in/dam/products_otc/Y06897/livinguard-kids-street-mask-ago-rabbit-print-blue-anti-microbial-washable-reusable-xs-2-1671742408.jpg
Duckbill Shape N95 Mask Packet Of 2,500.00,175.00,https://cdn01.pharmeasy.in/dam/products_otc/P65906/duckbill-shape-n95-mask-packet-of-2-2-1641788727.jpg
Bodyguard N95 + Pm2.5 Anti Pollution Face Mask With Activated Carbon - Small,225.00,54.00,https://cdn01.pharmeasy.in/dam/products_otc/Y10460/bodyguard-n95-pm25-anti-pollution-face-mask-with-activated-carbon-small-2-1671741611.jpg
Dettol D95 Mask Anti Virus Reusable & Washable Black Medium,299.00,44.85,https://cdn01.pharmeasy.in/dam/products_otc/H36342/dettol-d95-mask-anti-virus-reusable-washable-black-medium-2-1654251704.jpg
Savlon Mask - Singles Pack,95.00,14.25,https://cdn01.pharmeasy.in/dam/products_otc/J78809/savlon-mask-singles-pack-2-1671741642.jpg
Safent Pm-2.5 Air Pollution N95 Mask Black/white,500.00,175.00,https://cdn01.pharmeasy.in/dam/products_otc/X87342/safent-pm-25-air-pollution-n95-mask-black-white-2-1641789837.jpg
Boetm Ethical Reusable Surgical Style Masks Droplet Protection Pm10 Snug Fit Adult,249.00,99.60,https://cdn01.pharmeasy.in/dam/products_otc/Y82977/boetm-ethical-reusable-surgical-style-masks-droplet-protection-pm10-snug-fit-adult-2-1641790243.jpg
Carriall Adult Unisex 3 Layer Reusable Washable Cotton Mask (camsm086) Pack Of 3,700.00,196.00,https://cdn01.pharmeasy.in/dam/products_otc/D19154/carriall-adult-unisex-3-layer-reusable-washable-cotton-mask-camsm086-pack-of-3-6.1-1671743099.jpg
Dettol N95 Mask Anti Virus Reusable & Washable (black Medium),799.00,119.85,https://cdn01.pharmeasy.in/dam/products_otc/I40675/dettol-n95-mask-anti-virus-reusable-washable-black-medium-2-1669711197.jpg
Livinguard Tube Mask Lite | Unbeatable Breathability |washable & Reusable - Bombay Blue Medium,999.00,249.75,https://cdn01.pharmeasy.in/dam/products_otc/N68932/livinguard-tube-mask-lite-unbeatable-breathability-washable-reusable-bombay-blue-medium-2-1641792509.jpg
3 Ply Mask Packet Of 100,1000.00,750.00,https://cdn01.pharmeasy.in/dam/products_otc/U82801/3-ply-mask-packet-of-100-2-1654233402.jpg
Control D Face Shield,150.00,69.00,https://cdn01.pharmeasy.in/dam/products_otc/U82951/control-d-face-shield-2-1671741529.jpg
Bodyguard Reusable Anti Pollution Face Mask With Activated Carbon N99 + Pm2.5 For Kids,349.00,111.68,https://cdn01.pharmeasy.in/dam/products_otc/P72613/bodyguard-reusable-anti-pollution-face-mask-with-activated-carbon-n99-pm25-for-kids-2-1641790187.jpg
Bodyguard Anti Pollution Face Mask,349.00,101.21,https://cdn01.pharmeasy.in/dam/products_otc/I48475/bodyguard-reusable-activated-carbonmedium-n99-mask-1-1641788203.jpg
Honeywell Ff 2100 Pm Adult Pollution Mask Pack Of 5,245.00,144.55,https://cdn01.pharmeasy.in/dam/products_otc/Z57528/honeywell-ff-2100-pm-adult-pollution-mask-pack-of-5-2-1641791809.jpg
3 Ply Mask Packet Of 100,1000.00,750.00,https://cdn01.pharmeasy.in/dam/products_otc/U82801/3-ply-mask-packet-of-100-2-1654233402.jpg
Control D Face Shield,150.00,69.00,https://cdn01.pharmeasy.in/dam/products_otc/U82951/control-d-face-shield-2-1671741529.jpg
Savlon Mask - Singles Pack,95.00,14.25,https://cdn01.pharmeasy.in/dam/products_otc/J78809/savlon-mask-singles-pack-2-1671741642.jpg
Safent Pm-2.5 Air Pollution N95 Mask Black/white,500.00,175.00,https://cdn01.pharmeasy.in/dam/products_otc/X87342/safent-pm-25-air-pollution-n95-mask-black-white-2-1641789837.jpg
Boetm Ethical Reusable Surgical Style Masks Droplet Protection Pm10 Snug Fit Adult,249.00,99.60,https://cdn01.pharmeasy.in/dam/products_otc/Y82977/boetm-ethical-reusable-surgical-style-masks-droplet-protection-pm10-snug-fit-adult-2-1641790243.jpg
Bodyguard Pm2.7 + N95 Antimicrobial Reusable Anti Pollution Mask With Replaceable Filter - 1 Unit,499.00,99.80,https://cdn01.pharmeasy.in/dam/products_otc/J04633/bodyguard-pm27-n95-antimicrobial-reusable-anti-pollution-mask-with-replaceable-filter-1-unit-2-1671741550.jpg
Boetm Ethical Reusable Surgical Style Masks Droplet Protection Pm10 Snug Fit Children,249.00,87.15,https://cdn01.pharmeasy.in/dam/products_otc/L37511/boetm-ethical-reusable-surgical-style-masks-droplet-protection-pm10-snug-fit-children-2-1641790544.jpg
Bodyguard N95 + Pm2.5 Anti Pollution Face Mask With Activated Carbon - Medium,299.00,32.89,https://cdn01.pharmeasy.in/dam/products_otc/J84369/bodyguard-n95-pm25-anti-pollution-face-mask-with-activated-carbon-medium-2-1641788746.jpg
Safent Particulate Respirator N95 Mask 1 No's,500.00,125.00,https://cdn01.pharmeasy.in/dam/products_otc/J29354/safent-particulate-respirator-n95-mask-1-nos-2-1671742285.jpg
Face Shield,100.00,50.00,https://cdn01.pharmeasy.in/dam/products_otc/C39672/face-shield-2-1641788816.jpg
Livinguard Pro Mask 3 Layers >95% Filtration Washable & Reusable Cotton Face Mask L - Black,1750.00,437.50,https://cdn01.pharmeasy.in/dam/products_otc/J36816/livinguard-pro-mask-3-layers-95-filtration-washable-reusable-cotton-face-mask-l-black-2-1641792974.jpg
Bodyguard N95 + Pm2.5 Anti Pollution Face Mask With Valve And Activated Carbon - Small,249.00,27.39,https://cdn01.pharmeasy.in/dam/products_otc/U49955/bodyguard-n95-pm25-anti-pollution-face-mask-with-valve-and-activated-carbon-small-2-1643377083.jpg
Livinguard Kids Street Mask - Ago Rabbit Print: Blue |anti-microbial | Washable & Reusable - Xs,750.00,187.50,https://cdn01.pharmeasy.in/dam/products_otc/Y06897/livinguard-kids-street-mask-ago-rabbit-print-blue-anti-microbial-washable-reusable-xs-2-1671742408.jpg
Duckbill Shape N95 Mask Packet Of 2,500.00,175.00,https://cdn01.pharmeasy.in/dam/products_otc/P65906/duckbill-shape-n95-mask-packet-of-2-2-1641788727.jpg
Bodyguard N95 + Pm2.5 Anti Pollution Face Mask With Activated Carbon - Small,225.00,54.00,https://cdn01.pharmeasy.in/dam/products_otc/Y10460/bodyguard-n95-pm25-anti-pollution-face-mask-with-activated-carbon-small-2-1671741611.jpg
Dettol D95 Mask Anti Virus Reusable & Washable Black Medium,299.00,44.85,https://cdn01.pharmeasy.in/dam/products_otc/H36342/dettol-d95-mask-anti-virus-reusable-washable-black-medium-2-1654251704.jpg
Livinguard Street Mask | 2 Layers| Washable & Reusable | Cotton Face Mask | Large - Olive,1490.00,879.10,https://cdn01.pharmeasy.in/dam/products_otc/K06163/livinguard-street-mask-2-layers-washable-reusable-cotton-face-mask-large-olive-2-1671742404.jpg
Livinguard Street Mask | 2 Layers |washable & Reusable | Cotton Face Mask | Medium - Olive,1490.00,372.50,https://cdn01.pharmeasy.in/dam/products_otc/S69245/livinguard-street-mask-2-layers-washable-reusable-cotton-face-mask-medium-olive-2-1671742514.jpg
Krishniel Regular Eye Mask Keep Cool,150.00,52.50,https://cdn01.pharmeasy.in/dam/products_otc/F83246/krishniel-regular-eye-mask-keep-cool-1-1641792576.jpg
Carriall Adult Unisex 3 Layer Reusable Washable Cotton Mask (camsl071) Pack Of 3,700.00,175.00,https://cdn01.pharmeasy.in/dam/products_otc/V54853/carriall-adult-unisex-3-layer-reusable-washable-cotton-mask-camsl071-pack-of-3-2-1671743132.jpg
Wildcraft Viroshield W95x Face Mask Anti-viral Anti-bacterial Anti-pollution- Size L (grey Melange),300.00,180.00,https://cdn01.pharmeasy.in/dam/products_otc/U15410/wildcraft-viroshield-w95x-face-mask-anti-viral-anti-bacterial-anti-pollution-size-l-grey-melange-2-1671742517.jpg
Dettol N95 Mask Anti Virus Reusable & Washable (black Large),799.00,119.85,https://cdn01.pharmeasy.in/dam/products_otc/I40656/dettol-n95-mask-anti-virus-reusable-washable-black-large-2-1669710827.jpg
Wildcraft Supermask W95+ Reusable Outdoor Respirator Mask Anti-bacterial Anti-pollution M Blue,200.00,20.00,https://cdn01.pharmeasy.in/dam/products_otc/Q84305/wildcraft-supermask-w95-reusable-outdoor-respirator-mask-anti-bacterial-anti-pollution-m-blue-2-1641792993.jpg
Wildcraft Supermask W95+ Reusable Outdoor Respirator Mask Anti-bacterial Anti-pollution L Blue,200.00,,https://cdn01.pharmeasy.in/dam/products_otc/L73970/wildcraft-supermask-w95-reusable-outdoor-respirator-mask-anti-bacterial-anti-pollution-l-blue-2-1671742404.jpg
Wildcraft Supermask W95+ Reusable Outdoor Respirator Mask Anti-dust Anti-bacterial Anti-pollution L,200.00,20.00,https://cdn01.pharmeasy.in/dam/products_otc/P63730/wildcraft-supermask-w95-reusable-outdoor-respirator-mask-anti-dust-anti-bacterial-anti-pollution-l-2-1641793375.jpg
Wildcraft Viroshield W95x Face Mask Anti-viral | Anti-bacterial | Anti-pollution- Size L,300.00,30.00,https://cdn01.pharmeasy.in/dam/products_otc/C40941/wildcraft-viroshield-w95x-face-mask-anti-viral-anti-bacterial-anti-pollution-size-l-2-1671742516.jpg
Tulip 3 Plymasks Surgical Mask 10 No's,160.00,48.00,https://cdn01.pharmeasy.in/dam/products_otc/C92398/tulip-3-plymasks-surgical-mask-10-nos-2-1641791264.jpg
Omved Breathe Easy Cold & Sinusitis Therapeutic Eye Mask & Eye Pillow- Relief From Sinus Headache,1490.00,327.80,https://cdn01.pharmeasy.in/dam/products_otc/B26165/omved-breathe-easy-cold-sinusitis-therapeutic-eye-mask-eye-pillow-relief-from-sinus-headache-2-1641789327.jpg
Carriall Adult Unisex 3 Layer Reusable Washable Cotton Mask (camsl080) Pack Of 3,700.00,175.00,https://cdn01.pharmeasy.in/dam/products_otc/R26197/carriall-adult-unisex-3-layer-reusable-washable-cotton-mask-camsl080-pack-of-3-2-1671743134.jpg
Hand Made Reusable Elastic Cotton Mask Pack Of 5,299.00,59.80,https://cdn01.pharmeasy.in/dam/products_otc/D78656/hand-made-reusable-elastic-cotton-mask-pack-of-5-2-1641789066.jpg
Wildcraft Supermask W95+ Reusable Outdoor Respirator Mask Anti-bacterial Anti-pollution L Grey,200.00,20.00,https://cdn01.pharmeasy.in/dam/products_otc/R68262/wildcraft-supermask-w95-reusable-outdoor-respirator-mask-anti-bacterial-anti-pollution-l-grey-2-1671742422.jpg
Hand Made Reusable Cotton Mask Pack Of 5,299.00,29.90,https://cdn01.pharmeasy.in/dam/products_otc/E66544/hand-made-reusable-cotton-mask-pack-of-5-2-1641789039.jpg
Wildcraft Viroshield W95x Face Mask Anti-viral Anti-bacterial Anti-pollution- Size M (grey Melange),300.00,30.00,https://cdn01.pharmeasy.in/dam/products_otc/H08502/wildcraft-viroshield-w95x-face-mask-anti-viral-anti-bacterial-anti-pollution-size-m-grey-melange-2-1641792522.jpg
Venus V-44+ Mask Packet Of 5,1500.00,150.00,https://cdn01.pharmeasy.in/dam/products_otc/E28522/venus-v-44-mask-packet-of-5-2-1641793026.jpg
Carriall Adult Unisex 3 Layer Reusable Washable Cotton Mask (camsl049) Pack Of 3,700.00,175.00,https://cdn01.pharmeasy.in/dam/products_otc/Y70755/carriall-adult-unisex-3-layer-reusable-washable-cotton-mask-camsl049-pack-of-3-2-1641790617.jpg
3 Ply Mask Packet Of 50's,200.00,150.00,https://cdn01.pharmeasy.in/dam/products_otc/L55605/3-ply-mask-packet-of-50s-2-1671741723.jpg
Carriall Adult Unisex 3 Layer Reusable Washable Cotton Mask (camsl077) Pack Of 3,700.00,175.00,https://cdn01.pharmeasy.in/dam/products_otc/R35230/carriall-adult-unisex-3-layer-reusable-washable-cotton-mask-camsl077-pack-of-3-2-1671743135.jpg
Wildcraft Supermask W95+ Reusable Outdoor Respirator Mask Anti-dust Anti-bacterial Anti-pollution L,200.00,20.00,https://cdn01.pharmeasy.in/dam/products_otc/P63730/wildcraft-supermask-w95-reusable-outdoor-respirator-mask-anti-dust-anti-bacterial-anti-pollution-l-2-1641793375.jpg
Dettol N95 Mask Anti Virus Reusable & Washable (black Large),799.00,119.85,https://cdn01.pharmeasy.in/dam/products_otc/I40656/dettol-n95-mask-anti-virus-reusable-washable-black-large-2-1669710827.jpg
Wildcraft Viroshield W95x Face Mask Anti-viral Anti-bacterial Anti-pollution- Size L (grey Melange),300.00,180.00,https://cdn01.pharmeasy.in/dam/products_otc/U15410/wildcraft-viroshield-w95x-face-mask-anti-viral-anti-bacterial-anti-pollution-size-l-grey-melange-2-1671742517.jpg
Boson Machines Mk15 Face Shield Pack Of 2,200.00,20.00,https://cdn01.pharmeasy.in/dam/products_otc/Z66682/mk15-face-shield-pack-of-2-2-1641789552.jpg
Boro Plus Antiseptic Moisturising Hand Wash - 250 Ml,85.00,,https://cdn01.pharmeasy.in/dam/products_otc/R49888/boroplus-antiseptic-moisturising-hand-wash-250-ml-2-1641790434.jpg
Aaxxa Kn 95 Mask Grey With Respirator 1,189.00,18.90,https://cdn01.pharmeasy.in/dam/products_otc/P90677/aaxxa-kn-95-mask-grey-with-respirator-1-2-1641790260.jpg
Livinguard Kids Street Mask - Aop Choco Paper Print: Pint |anti-microbial | Washable & Reusable - Xs,750.00,187.50,https://cdn01.pharmeasy.in/dam/products_otc/M60413/livinguard-kids-street-mask-aop-choco-paper-print-pint-anti-microbial-washable-reusable-xs-2-1671742513.jpg
Livinguard Street Gloves |touchscreen Compatible | Washable & Reusable | Cotton - Men's Medium,1490.00,372.50,https://cdn01.pharmeasy.in/dam/products_otc/L67778/livinguard-street-gloves-touchscreen-compatible-washable-reusable-cotton-mens-medium-2-1671742505.jpg
Venus N95 Mask - Pack Of 1,95.00,9.50,https://cdn01.pharmeasy.in/dam/products_otc/W51640/venus-n95-mask-pack-of-1-2-1671742372.jpg
Livinguard Tube Mask Lite | Unbeatable Breathability |washable & Reusable - Bombay Blue Large,999.00,499.50,https://cdn01.pharmeasy.in/dam/products_otc/D84661/livinguard-tube-mask-lite-unbeatable-breathability-washable-reusable-bombay-blue-large-2-1671742398.jpg
Premium Protective Mask Packet Of 5,495.00,99.00,https://cdn01.pharmeasy.in/dam/products_otc/Z80188/premium-protective-mask-packet-of-5-2-1641792561.jpg
Livinguard Ultra Mask | 4 Layers | >98% Filtration| Washable & Reusable | Cotton Mask M Bombay Blue,1990.00,577.10,https://cdn01.pharmeasy.in/dam/products_otc/C30935/livinguard-ultra-mask-4-layers-98-filtration-washable-reusable-cotton-mask-m-bombay-blue-2-1671742404.jpg
Bodyguard N95 + Pm2.5 Anti Pollution Face Mask With Activated Carbon - Large,249.00,27.39,https://cdn01.pharmeasy.in/dam/products_otc/F93357/bodyguard-n95-pm25-anti-pollution-face-mask-with-activated-carbon-large-1-1641788959.jpg
Livinguard Face Mask Street Size-l,1490.00,372.50,https://cdn01.pharmeasy.in/dam/products_otc/V17411/livinguard-street-mask-2-layers-washable-reusable-cotton-face-mask-large-black-2-1641792989.jpg
Livinguard Street Gloves | Touchscreen Compatible |washable & Reusable | Cotton - Women's Medium,1490.00,372.50,https://cdn01.pharmeasy.in/dam/products_otc/E76857/livinguard-street-gloves-touchscreen-compatible-washable-reusable-cotton-womens-medium-2-1641793346.jpg
Sanfe Cloth Mask Box Of 5 (pack Of 1),499.00,174.65,https://cdn01.pharmeasy.in/dam/products_otc/H35277/sanfe-cloth-mask-box-of-5-pack-of-1-2-1671741491.jpg
Sanfe Cloth Mask Pack Of 5 (pack Of 2),998.00,399.20,https://cdn01.pharmeasy.in/dam/products_otc/X32325/sanfe-cloth-mask-pack-of-5-pack-of-2-1-1632778833.jpg
Nexus 3ply Surgical Mask Set Of 10,19.00,3.80,https://cdn01.pharmeasy.in/dam/products_otc/Q19355/nexus-3ply-surgical-mask-set-of-10-2-1671742175.jpg
Raho Safe Face Shield Mask Box Of 4,499.00,24.95,https://cdn01.pharmeasy.in/dam/products_otc/Y47952/raho-safe-face-shield-mask-box-of-4-2-1671741473.jpg
Honeywell Pm 2.5 Pollution Mask Dark Blue Pack Of 5,1299.00,259.80,https://cdn01.pharmeasy.in/dam/products_otc/B39585/honeywell-pm-25-pollution-mask-dark-blue-pack-of-5-2-1671742172.jpg
(nasomask) N95 Mask,350.00,70.00,https://cdn01.pharmeasy.in/dam/products_otc/W06038/nasomask-n95-mask-2-1641789397.jpg
Aerofusion Flo Ff 3065 Mask - Anti Pollution | Anti Dust | Anti Bacterial | Anti Viral,99.00,,https://cdn01.pharmeasy.in/dam/products_otc/R64842/aerofusion-flo-ff-3065-mask-anti-pollution-anti-dust-anti-bacterial-anti-viral-2-1671742439.jpg
Livinguard Fitness Mask |unbeatable Breathability Ultra Comfort Washable & Reusable Steel Blue - L,2490.00,622.50,https://cdn01.pharmeasy.in/dam/products_otc/A89747/livinguard-fitness-mask-unbeatable-breathability-ultra-comfort-washable-reusable-steel-blue-l-2-1641793340.jpg
3ply Surgical Mask By Liveasy - Pack Of 50,800.00,,https://cdn01.pharmeasy.in/dam/products_otc/O69960/3ply-surgical-mask-by-liveasy-pack-of-50-2-1637578013.jpg
Wildcraft Supermask W95 Reusable Outdoor Respirator Mask Anti-dust Anti-bacterial Anti-pollution L,200.00,100.00,https://cdn01.pharmeasy.in/dam/products_otc/B88829/wildcraft-supermask-w95-reusable-outdoor-respirator-mask-anti-dust-anti-bacterial-anti-pollution-l-2-1641793346.jpg
Livinguard Street Mask | 2 Layers | Non-toxic & Safe | Cotton Face Mask | Large - Bombay Blue,1490.00,372.50,https://cdn01.pharmeasy.in/dam/products_otc/K07947/livinguard-street-mask-2-layers-non-toxic-safe-cotton-face-mask-large-bombay-blue-2-1671742395.jpg
Godrej Protekt Gp95 Face Mask Blue Large - Pack Of 3,480.00,168.00,https://cdn01.pharmeasy.in/dam/products_otc/D58942/godrej-protekt-gp95-face-mask-blue-large-pack-of-3-3-1641793723.jpg
Face Mask 3 Ply,25.00,5.00,https://cdn01.pharmeasy.in/dam/products_otc/I07849/face-mask-3-ply-2-1669655407.jpg
Livinguard Street Gloves Touchscreen Compatible Washable & Reusable | Cotton - Men's Large,1490.00,372.50,https://cdn01.pharmeasy.in/dam/products_otc/S54244/livinguard-street-gloves-touchscreen-compatible-washable-reusable-cotton-mens-large-2-1671742393.jpg
Surgical Face Masks - 3ply(pack Of 10),800.00,288.00,https://cdn01.pharmeasy.in/dam/products_otc/Y85367/surgical-face-masks-3plypack-of-10-2-1671742029.jpg
Safekind Face Mask,120.00,43.20,https://cdn01.pharmeasy.in/dam/products_otc/C85353/safekind-face-mask-2-1641789368.jpg
Carriall Adult Unisex 3 Layer Reusable Washable Cotton Mask (camsm077) Pack Of 3,700.00,175.00,https://cdn01.pharmeasy.in/dam/products_otc/D43181/carriall-adult-unisex-3-layer-reusable-washable-cotton-mask-camsm077-pack-of-3-2-1671743092.jpg
Romsons Dispo Guard 3 Ply Face Mask With Softest Ear Loops 50 Pcs,500.00,,https://cdn01.pharmeasy.in/dam/products_otc/J35124/romsons-dispo-guard-3-ply-face-mask-with-softest-ear-loops-50-pcs-2-1671743424.jpg
Venus Ffp1 V-44+ Mask Packet Of 10,3000.00,840.00,https://cdn01.pharmeasy.in/dam/products_otc/M37097/venus-ffp1-v-44-mask-packet-of-10-2-1641793392.jpg
Carriall Adult Unisex 3 Layer Reusable Washable Cotton Mask (camsm079) Pack Of 3,700.00,175.00,https://cdn01.pharmeasy.in/dam/products_otc/U42244/carriall-adult-unisex-3-layer-reusable-washable-cotton-mask-camsm079-pack-of-3-2-1641790614.jpg
Carriall Adult Unisex 3 Layer Reusable Washable Cotton Mask (camsm083) Pack Of 3,700.00,175.00,https://cdn01.pharmeasy.in/dam/products_otc/X54291/carriall-adult-unisex-3-layer-reusable-washable-cotton-mask-camsm083-pack-of-3-2-1641790606.jpg
Bodyguard N95 + Pm2.5 Anti Pollution Face Mask With Valve And Activated Carbon - Large,249.00,27.39,https://cdn01.pharmeasy.in/dam/products_otc/G03575/bodyguard-n95-pm25-anti-pollution-face-mask-with-valve-and-activated-carbon-large-2-1641789254.jpg
Romsons Flexi Mask Oxygen Face Mask Adult,231.00,57.75,https://cdn01.pharmeasy.in/dam/products_otc/P81801/romsons-flexi-mask-oxygen-face-mask-adult-2-1671742285.jpg
Livinguard Pro Mask | 3 Layers | >95% Filtration Washable & Reusable Cotton Mask L - Bombay Blue,1750.00,437.50,https://cdn01.pharmeasy.in/dam/products_otc/G36929/livinguard-pro-mask-3-layers-95-filtration-washable-reusable-cotton-mask-l-bombay-blue-2-1671742403.jpg
Livinguard Pro Mask 3 Layers >95% Filtration Washable & Reusable Cotton Mask Medium Bombay Blue,1750.00,437.50,https://cdn01.pharmeasy.in/dam/products_otc/M27214/livinguard-pro-mask-3-layers-95-filtration-washable-reusable-cotton-mask-medium-bombay-blue-2-1641792512.jpg
